,LA code,Ofsted Avg,lonely_avg,KS2 metrics PCA,GDHI income index,LA name,LA flow rate,All Ages,meds,old%,young%,Unnamed: 0_x,3rd Pref %P,Non Preferred Offer %P,No Offer %P,Offer in diff LA code %P,3rd Pref %S,Non Preferred Offer %S,No Offer %S,Offer in diff LA code %S,FSM Eligible %,<2 A levels,< AAB,perm_excl_rate,Unsuccessful Appeals,% of ppl not doing degrees,progression_rate,total_pop,Unnamed: 0_y,"Average Rainfall (June, mm)"
0,E06000001,3,-0.542761289,-22376.05414,,Hartlepool,0.006385792,7819.666667,40.91465421,0.192425191,0.291151239,3,0.187969925,0.37593985,0,0.827205882,0.438596491,1.666666667,0,0.520833333,25.7971205,29.545,89.831,7.240653,75,53.4,0.389333333,5480,74,88.6
1,E06000002,2.955555556,1.316154662,-16308.99017,,Middlesbrough,0.009087095,7472.833333,38.02296492,0.173323615,0.325615814,4,1.511335013,2.770780856,0.100755668,2.695956066,2.464183381,3.839541547,0.05730659,13.63893605,24.18982436,36.743,90.881,17.3575237,78.3,46.1,0.413947368,7890,75,94
2,E06000003,2.791666667,0.649265925,-18159.71912,76.2,Redcar and Cleveland,0.006610051,7222.526316,44.31592561,0.227441977,0.272532892,8,0.263331139,0.526662278,0,1.371652515,0.946585531,1.487491548,0.135226504,1.928191489,17.97113327,23.263,86.907,26.902558,58.2,23,0.374421053,7550,76,89
3,E06000004,3.085714286,0.635474495,-11390.33647,79.3,Stockton-on-Tees,0.006534783,8225.791667,41.91437943,0.198321068,0.282187189,10,0.672268908,0.504201681,0.084033613,1.04427736,1.909090909,1.545454545,0.5,2.574525745,16.43831262,22.014,81.56,12.7347978,71,22.7,0.427333333,10385,77,66.6
4,E06000005,2.894736842,0.967079456,-22128.62644,82.8,Darlington,0.007193433,7160.133333,42.79504812,0.204486966,0.277309435,0,0.356824264,1.33809099,0,0.71237756,2.852049911,8.199643494,0,1.426024955,16.55899561,23.524,82.458,6.1762708,71.2,35.8,0.390533333,5635,95,71.2
5,E06000006,2.901639344,-0.561738971,-20332.33911,,Halton,0.00600337,8109.9375,40.81790323,0.189375334,0.294508342,19,1.369863014,3.424657534,0.205479452,5.866302865,0.466666667,1.466666667,0,3.344262295,26.10328156,21.689,90.774,10.9706405,68.5,45,0.374375,7135,116,112.5
6,E06000007,3.189873418,0.119803532,-12615.78189,98.5,Warrington,0.005030901,8375.88,43.22405177,0.198677658,0.275404147,32,1.403368083,2.165196472,0,0.561347233,1.249461439,2.498922878,0.043084877,2.835378756,10.9932915,39.531,87.766,2.4819285,76.1,47.8,0.44536,11660,117,50.7
7,E06000008,2.935064935,-0.65474197,-15969.89127,67.3,Blackburn with Darwen,0.007951765,8335,37.21113107,0.150609638,0.338564611,12,2.344894968,3.566194431,0,3.712750366,3.804627249,4.935732648,0,7.403598972,15.19591642,20.973,89.454,3.3464713,86.7,35.4,0.465333333,8990,129,102.2
8,E06000009,3.023255814,-0.471956207,-19457.13904,76.2,Blackpool,0.01134625,7283.210526,42.85342283,0.202917326,0.28655171,13,1.026957638,1.283697047,0,3.209242619,3.182461103,4.101838755,0,17.48107364,25.52116235,24.507,86.811,22.3749401,71.6,47.6,0.378894737,7610,130,62.5
9,E06000010,3.013157895,-0.465958124,-4770.902001,69,"Kingston upon Hull, City of",0.005723646,8097.6875,36.94646161,0.159776112,0.319354736,49,0.636556532,2.485601697,0,4.183085784,2.21402214,6.239516941,0.06709158,7.98925814,22.46175756,24.234,87.186,11.4939657,70.6,42.5,0.31746875,13030,78,69.6
10,E06000011,2.985815603,-1.090588173,-4941.681652,96.1,East Riding of Yorkshire,0.006371631,7981.418605,49.00701589,0.265846774,0.241782404,39,0.062460962,0.749531543,0,0.780762024,0.25502072,1.243226012,0.06375518,7.464114833,11.81553036,26.685,86.05,7.4988972,87.8,44.8,0.437116279,17200,79,86
11,E06000012,3,-0.78185829,-17646.55759,,North East Lincolnshire,0.005812571,6928.869565,42.224845,0.207570655,0.285208891,42,0.169300226,0.902934537,0,1.015801354,0.886001181,1.476668636,0,5.847607797,15.86230031,29.364,88.533,17.3618463,58.5,51.9,0.336869565,8835,80,88.8
12,E06000013,3.073170732,-0.545969434,-17895.81741,79.3,North Lincolnshire,0.00568613,7510.782609,44.28148596,0.217586262,0.271148034,43,0.518134715,1.813471503,0,1.295336788,0.736454498,2.577590742,0,4.809200209,13.7340993,37.481,90.891,10.679811,68.3,38.7,0.359478261,9195,81,123.6
13,E06000014,3.0625,-0.210821702,-17371.20041,94.5,York,0.004924026,8792.166667,39.90567334,0.198021891,0.312161028,48,1.473577236,0.050813008,1.168699187,1.028277635,1.023155627,0.053850296,1.938610662,3.514552444,7.633047716,28.884,73.574,1.9882297,73,50.2,0.463416667,8350,83,89.2
14,E06000015,2.843373494,-1.27964682,-9513.923488,77.6,Derby,0.008037847,8284.322581,38.61214121,0.174890059,0.322696294,50,1.496338746,2.801655524,0.095510984,2.619949495,3.880494505,6.009615385,0.343406593,5.519053876,15.90561756,18.248,87.104,15.0708802,83.7,42.2,0.355935484,13345,90,91.6
15,E06000016,2.923809524,-0.76563966,3665.092493,64.6,Leicester,0.00837529,9568.540541,33.33429157,0.129045357,0.37273252,52,1.142857143,3.868131868,0,5.912087912,2.1875,5.745192308,0,13.10096154,15.57613535,21.717,84.42,3.7688442,84,37.5,0.422675676,18925,102,95.5
16,E06000017,3.260869565,0.355990833,-29343.41095,,Rutland,0.016441202,8095.2,47.11400747,0.255744585,0.24795936,58,0,0.262467192,1.57480315,4.533333333,0.285714286,2,0.285714286,8.595988539,4.685264664,4.808,79.208,5.3648069,66.7,12.3,0.452,1445,103,89.9
17,E06000018,2.97979798,-0.915572066,669.9490687,62.3,Nottingham,0.008195402,8871,33.24898493,0.128523509,0.385118123,56,1.888828926,2.833243389,0.02698327,6.018893387,3.685503686,5.251842752,0.245700246,14.60639606,23.05700609,26.989,85.004,12.0602558,79.9,41.4,0.321052632,14115,132,63.9
18,E06000019,3.147058824,-0.340424155,-17376.87912,96.2,"Herefordshire, County of",0.005967305,8418.043478,46.86194577,0.251434296,0.248701294,62,0.595560368,0,2.490525176,1.11049417,0.119760479,0,1.556886228,4.622871046,8.264708379,20.746,83.917,7.23589,85.2,43.5,0.377521739,8870,124,100.3
19,E06000020,3.029411765,-0.031203043,-14729.62417,81,Telford and Wrekin,0.006821492,7883.565217,40.47373915,0.18279681,0.307856161,68,1.120448179,3.734827264,0,1.680672269,2.268145161,4.183467742,0,7.358870968,14.87921062,24.863,77.376,7.2110432,55.1,24.2,0.364086957,9580,134,105
20,E06000021,2.847058824,-0.206821037,-5905.957469,72,Stoke-on-Trent,0.007369468,7547.705882,39.07224132,0.179466191,0.312331103,67,1.180289171,3.334316908,0,6.637168142,1.055223356,2.708406613,0,15.13793103,20.10248126,21.437,90.579,12.4990434,67.3,35.6,0.339794118,13080,105,100.8
21,E06000022,2.916666667,0.780435632,-18924.50724,,Bath and North East Somerset,0.006842345,7272.481481,38.41877669,0.190067039,0.324097561,103,0.67001675,0.949190396,0.390843104,3.195067265,0.943396226,2.653301887,0.353773585,0.946745562,10.41172107,22.092,82.256,11.5143186,73.1,43.7,0.432592593,7905,70,62.6
22,E06000023,2.896296296,2.486619575,6745.969068,93.7,"Bristol, City of",0.005940094,8030.521739,35.00816884,0.147288494,0.32174394,114,2.663972074,3.509094249,0,3.013044277,4.458598726,9.389006841,0,13.37579618,17.90494762,18.149,83.204,2.3932851,82.8,39.2,0.344454545,17580,71,51.7
23,E06000024,2.960784314,1.080141164,-14790.40313,,North Somerset,0.005727468,8291.307692,46.18498024,0.245209811,0.263313458,107,1.019974501,1.487462813,0.042498938,1.615646259,0.277777778,1.25,0.138888889,2.920723227,8.124711011,17.955,85.094,14.9046105,63,49.1,0.4185,10585,72,69.5
24,E06000025,2.936936937,0.118597885,-8724.87127,107.3,South Gloucestershire,0.006676773,8994.25,41.71166826,0.19934647,0.283380496,110,1.757689893,2.040175769,0,2.165725047,2.443342776,2.620396601,0,15.33286119,8.088460361,28.557,85.848,14.3072482,95.7,55.3,0.37284375,14710,73,67.1
25,E06000026,2.709302326,0.290648354,-9097.625975,80.9,Plymouth,0.006142852,8026.103448,40.30740155,0.194106122,0.306568897,108,0.751622822,1.639904339,0,2.049880424,1.266308519,0.844205679,0,4.988488104,15.06124223,26.083,83.19,10.3111386,77.3,43.3,0.35775,12735,119,94.7
26,E06000027,2.837837838,-0.665001017,-20513.87488,87.7,Torbay,0.008155449,8012.823529,48.60073597,0.275407195,0.244571298,112,1.52173913,3.333333333,0.072463768,3.40826686,1.410788382,1.908713693,0.331950207,3.746877602,15.49409102,21.93,77.829,24.702561,86.1,46.1,0.347882353,6745,120,96
27,E06000030,2.702702703,0.347952138,-9736.227069,95.5,Swindon,0.006230629,8254.851852,40.65626789,0.164860554,0.29710631,111,1.053013798,1.779230211,0.072621641,1.767676768,0.804743753,1.482422702,0,15.31138437,12.2474118,42.92,92.437,9.7041699,80.6,60.8,0.32837037,11735,107,82.3
28,E06000031,2.841269841,0.435891084,-6406.173514,84.6,Peterborough,0.00939602,9210.272727,38.45389531,0.160718795,0.319956299,80,0.856836844,2.177793645,0,0.928239914,1.661695782,2.087771623,0.213037921,4.654141759,13.79050895,27.436,82.85,10.3003361,74.4,37.2,0.387545455,10580,115,75.2
29,E06000032,2.845070423,-0.733858158,-10673.62388,79.1,Luton,0.01090572,10168,35.78234516,0.135293812,0.345963069,78,1.06075217,1.735776278,0.032144005,3.279742765,3.176748902,4.798918554,0.033795201,5.170665765,14.40409707,21.522,89.989,14.8085466,93.8,28.8,0.472,12580,84,89.5
30,E06000033,3,1.770431658,-16622.74308,98.3,Southend-on-Sea,0.007474919,10609.25,42.87599248,0.204929672,0.279902599,81,1.199040767,1.582733813,0,1.870503597,4.791666667,7.083333333,0,12.34375,11.66644031,12.397,80.12,5.4443991,83.7,41.6,0.395117647,9550,122,70.5
31,E06000034,2.92,-0.64856306,-13443.34746,92.9,Thurrock,0.011831403,9238.473684,38.08718015,0.148153022,0.322857137,83,0.750883392,1.192579505,0.265017668,2.922940655,4.21101342,6.015733457,2.406293383,13.60834519,11.48187258,29.502,87.079,12.3365408,78.5,40.1,0.330894737,9575,123,80.5
32,E06000035,2.928571429,0.706306096,-7661.600097,91.9,Medway,0.00898003,7345.842105,39.00258046,0.166551326,0.309954168,91,1.421800948,2.517772512,0,3.050947867,3.596214511,4.605678233,0,3.785488959,11.86959182,23.638,84.442,12.9306566,78.4,49.6,0.370815789,15105,127,56.7
33,E06000036,3.054054054,0.245692151,-21525.56103,,Bracknell Forest,0.010716333,8277.666667,39.83057463,0.15436392,0.301356972,84,1.606145251,1.815642458,0,3.770949721,2.72,2.16,0.08,12.16973579,6.661831167,29.681,87.871,8.9350533,86.2,49.7,0.399666667,5820,108,72.4
34,E06000037,3.060240964,0.098586877,-18923.94844,,West Berkshire,0.010557003,7202.954545,43.67628838,0.198141091,0.287603978,99,2.224633749,2.17037439,0,3.635377103,1.570996979,2.114803625,0,3.927492447,6.317204301,20.999,82.181,6.6073302,72.2,39.7,0.414181818,7970,110,57.5
35,E06000038,2.96,-0.211986955,-18413.24158,,Reading,0.009566151,8907.611111,36.33449194,0.135922705,0.338454018,95,3.787528868,5.034642032,0,9.936189608,4.362606232,3.682719547,0.056657224,35.88435374,12.81258284,12.587,61.2,8.8735081,87.6,24.4,0.400388889,6975,111,75.2
36,E06000039,3.113636364,-1.332288546,-14615.97426,,Slough,0.013349645,10684.07143,34.94837741,0.104711223,0.361525021,96,2.706078268,3.205661948,0,5.32889259,6.241331484,6.056403144,0,14.84049931,9.238046206,15.374,86.1,2.9950083,91.5,30.5,0.510214286,7980,112,74.3
37,E06000040,3.2,0.510685109,-22425.71518,,Windsor and Maidenhead,0.01227521,8404.055556,42.33873544,0.188660545,0.29252925,101,3.934010152,3.045685279,0.063451777,2.603174603,2.508090615,3.074433657,4.28802589,19.61115807,6.152935283,16.219,82.434,6.9444444,86.1,41.8,0.528166667,6510,109,74.3
38,E06000041,3.050847458,-0.45437512,-17975.00113,120.4,Wokingham,0.010516426,8697.25,41.50321294,0.178639526,0.300802734,102,1.839303001,0.9196515,0.048402711,1.937046005,1.7507724,2.626158599,0.102986612,14.53608247,5.316140708,13.656,82.614,5.8038305,81.5,32.2,0.5293,8085,113,72.4
39,E06000042,3.019230769,-0.068263718,-5012.56613,103.5,Milton Keynes,0.009060971,8443.84375,38.96378236,0.155164184,0.313708521,92,1.360914535,1.306477953,0,3.565596081,2.86909743,3.197848177,0.059772863,7.296650718,10.23230088,28.822,87.885,2.1395409,84.8,37.3,0.43971875,14380,88,74.6
40,E06000043,2.986666667,1.501011432,-13562.92456,107,Brighton and Hove,0.005476219,8840.545455,36.38928461,0.1380581,0.317808685,85,1.7186251,1.318944844,0,0.479616307,3.158344003,6.103286385,0,1.621852326,13.03433994,18.559,74.297,3.4355675,75.4,33.9,0.428272727,10400,97,84.4
41,E06000044,3,0.342839363,-18441.9025,79,Portsmouth,0.006590039,8587.68,35.31565269,0.148236469,0.337683676,94,2.303030303,3.757575758,0,2.343434343,0.258799172,0.776397516,0,9.472049689,18.62310745,26.025,93.506,7.3594918,84.6,50.9,0.31216,9080,99,89
42,E06000045,2.915492958,0.366135891,-12843.97119,81.1,Southampton,0.006035053,7902.25,33.95351038,0.142324883,0.354985746,97,2.88796103,4.558107168,0.034794711,2.958579882,1.432408236,2.506714414,0.044762757,10.66493955,18.68903015,37.5,91.169,3.5290343,76.5,51.6,0.33290625,10380,100,86.6
43,E06000046,2.769230769,0.843206262,-21791.95366,88.5,Isle of Wight,0.004766498,7905.333333,50.3182533,0.289558821,0.234172089,89,0.16064257,1.044176707,0,0,0.334448161,2.006688963,0,0,13.06317044,32.649,90.339,7.7760498,80,42.3,0.335888889,6955,141,78.8
44,E06000047,3.011904762,-0.012431706,11405.75413,78,County Durham,0.004942119,8078.015152,43.62634776,0.214076462,0.275937258,1,0.398565165,0.657632523,0.079713033,2.028639618,0.454357703,1.383725733,0.082610492,4.161516275,18.13613083,30.076,78.68,12.2755869,58.6,48,0.367909091,26340,94,89.4
45,E06000049,2.965277778,-0.072101742,426.0442191,118.8,Cheshire East,0.005683048,7581.705882,45.97647514,0.233870056,0.26100865,16,1.002109705,2.056962025,0,1.977848101,0.311931375,2.157525344,0.103977125,4.501691387,8.372032058,19.306,81.44,8.0376837,81.4,46.2,0.473803922,18595,135,85
46,E06000050,3.039215686,0.044417339,-1866.681094,104.6,Cheshire West and Chester,0.005867107,7315.382979,44.17657911,0.219631788,0.274202009,17,1.299802204,1.977959876,0,1.158519356,0.613317757,1.635514019,0.058411215,6.516656926,11.57775714,15.59,76.811,4.8750762,78.2,30.5,0.433659574,16950,136,100.5
47,E06000051,2.960526316,0.021819979,-9159.884259,97.4,Shropshire,0.006652828,8343.974359,47.5710902,0.253527659,0.24551509,64,0.359195402,1.077586207,0,2.478448276,0.263455024,0.752728641,0,5.83364697,8.586505456,13.806,87.96,15.9166175,56.1,44.7,0.396025641,14650,133,80.6
48,E06000052,2.882113821,0.188956977,11738.05464,,Cornwall,0.00504499,7823.157143,47.50856003,0.258670184,0.258181723,104,0.725764645,1.969932608,0.017280111,0.432077428,0.166882996,1.038383089,0.092712776,1.967334818,10.79510325,26.376,81.148,10.0702156,37.9,47.9,0.37369863,27835,137,88.5
49,E06000053,1,-1.637866605,,88.7,Isles of Scilly,0.011509517,2226,48.28676471,0.277178796,0.227313567,,,,,,,,,,,,,,,,0.476,105,69,64.5
50,E06000054,2.872246696,1.375157837,7377.262955,108.1,Wiltshire,0.008432737,8130.16129,45.53302992,0.227644472,0.265788556,113,1.251659397,1.877489095,0,2.218850749,0.390455531,0.867678959,0,7.765726681,7.308487702,18.088,78.847,3.2282205,64.2,40.9,0.41633871,24730,106,83.9
51,E06000055,2.842857143,-0.294202566,-13908.84413,104.6,Bedford,0.007886435,8734.35,41.26687429,0.185417851,0.302664928,73,1.156626506,0.578313253,0.385542169,1.596516691,0.102669405,0.205338809,0.924024641,0.414507772,10.74090925,27.729,86.034,19.1781795,67.4,53.8,0.42475,8610,85,96.4
52,E06000056,2.983333333,0.263058526,-12158.19096,106,Central Bedfordshire,0.009806092,8912,41.37843596,0.184443099,0.283232062,75,0.620200827,0.826934436,0.561134082,3.534303534,0.053304904,0.479744136,0.26652452,5.879208979,6.81961172,25.599,86.675,12.8918442,59.4,42.9,0.409636364,13970,86,85.2
53,E06000057,,-0.685296316,,94.9,Northumberland,0.004930571,8095.5,47.9850993,0.252195215,0.243349703,,,,,,,,,,,,,,,,0.41835,16230,,
54,E07000004,,0.474003331,,,Aylesbury Vale,0.009682685,,,,,,,,,,,,,,,,,,,,,,,
55,E07000005,,0.877146899,,,Chiltern,0.011923863,,,,,,,,,,,,,,,,,,,,,,,
56,E07000006,,0.005941289,,,South Bucks,0.013555922,,,,,,,,,,,,,,,,,,,,,,,
57,E07000007,,-0.553050508,,,Wycombe,0.010139736,,,,,,,,,,,,,,,,,,,,,,,
58,E07000008,,2.516440483,,,Cambridge,0.009510163,9779.333333,31.61982639,0.133457586,0.396410797,,,,,,,,,,,,,,,,0.521153846,3725,,
59,E07000009,,0.418430505,,,East Cambridgeshire,0.007821468,9017.2,44.00712246,0.213219813,0.275400119,,,,,,,,,,,,,,,,0.3927,4025,,
60,E07000010,,-0.048860673,,,Fenland,0.010101611,9280,45.32370711,0.238294672,0.264845243,,,,,,,,,,,,,,,,0.267181818,5110,,
61,E07000011,,0.519135663,,,Huntingdonshire,0.007368106,8135.681818,43.95459438,0.209856801,0.266294416,,,,,,,,,,,,,,,,0.401590909,9085,,
62,E07000012,,0.712881782,,108.8,South Cambridgeshire,0.00994863,8045.2,43.36135538,0.20073008,0.280324868,,,,,,,,,,,,,,,,0.50165,7360,,
63,E07000026,,0.162461667,,,Allerdale,0.005801693,8152.583333,47.47309984,0.249492646,0.248260568,,,,,,,,,,,,,,,,0.357333333,5385,,
64,E07000027,,0.495550546,,,Barrow-in-Furness,0.004515716,6672.6,44.0044317,0.218307425,0.270862977,,,,,,,,,,,,,,,,0.2636,3930,,
65,E07000028,,0.189074634,,,Carlisle,0.004959639,8348,44.81282559,0.223772959,0.266476666,,,,,,,,,,,,,,,,0.336307692,5245,,
66,E07000029,,-0.705363216,,87.7,Copeland,0.004120019,8505.125,46.63385116,0.231428982,0.25135392,,,,,,,,,,,,,,,,0.322,3665,,
67,E07000030,,0.17524025,,,Eden,0.005665132,7679.142857,50.5429918,0.27148673,0.226383241,,,,,,,,,,,,,,,,0.401714286,2885,,
68,E07000031,,0.250482742,,100.5,South Lakeland,0.006489585,7493.214286,51.22293028,0.289830366,0.228102407,,,,,,,,,,,,,,,,0.444214286,4985,,
69,E07000032,,-0.774769524,,,Amber Valley,0.007378989,8051.8125,45.53553057,0.226749258,0.251656119,,,,,,,,,,,,,,,,0.3534375,6675,,
70,E07000033,,-0.216892908,,,Bolsover,0.010923159,8130.5,43.13407346,0.202143757,0.269648819,,,,,,,,,,,,,,,,0.2903,4170,,
71,E07000034,,0.062761128,,,Chesterfield,0.006875185,8071.538462,44.30935398,0.215988535,0.26053594,,,,,,,,,,,,,,,,0.365307692,5570,,
72,E07000035,,-0.361200235,,,Derbyshire Dales,0.007306991,7242.2,50.88620863,0.277074214,0.226915689,,,,,,,,,,,,,,,,0.4824,3790,,
73,E07000036,,-0.289005665,,,Erewash,0.008116968,7688.8,43.5851421,0.209365453,0.266051896,,,,,,,,,,,,,,,,0.3224,5845,,
74,E07000037,,-0.6419343,,,High Peak,0.005724341,8421.181818,45.16939356,0.212535859,0.257915961,,,,,,,,,,,,,,,,0.418818182,5030,,
75,E07000038,,-0.116740419,,81.3,North East Derbyshire,0.008821195,7862.769231,47.44784736,0.254804807,0.243790687,,,,,,,,,,,,,,,,0.399692308,5045,,
76,E07000039,,-1.356872851,,94.2,South Derbyshire,0.012052547,9126.333333,42.25323954,0.186719728,0.278329121,,,,,,,,,,,,,,,,0.372416667,5225,,
77,E07000040,,0.239349682,,,East Devon,0.008596633,7404,51.60228031,0.316986583,0.226606221,,,,,,,,,,,,,,,,0.3918,6650,,
78,E07000041,,1.37014535,,,Exeter,0.008284464,8888.866667,35.40727943,0.165487315,0.338516608,,,,,,,,,,,,,,,,0.365066667,4895,,
79,E07000042,,-0.506208647,,,Mid Devon,0.010505687,7571.818182,45.98012581,0.237510278,0.270344,,,,,,,,,,,,,,,,0.337363636,4110,,
80,E07000043,,-0.683140455,,,North Devon,0.009482397,7012.142857,47.86922867,0.259445068,0.249702606,,,,,,,,,,,,,,,,0.337071429,4815,,
81,E07000044,,-0.300648368,,,South Hams,0.011049918,7328.833333,51.51323657,0.293154138,0.228959561,,,,,,,,,,,,,,,,0.45175,4445,,
82,E07000045,,-0.050211297,,,Teignbridge,0.008163607,7107.315789,49.08455972,0.271417386,0.23764459,,,,,,,,,,,,,,,,0.381421053,6595,,
83,E07000046,,-1.004528016,,,Torridge,0.01039501,7635.444444,51.01605419,0.288912907,0.228873696,,,,,,,,,,,,,,,,0.324555556,3190,,
84,E07000047,,-0.165619163,,98,West Devon,0.010717707,8019.857143,51.32029757,0.286647769,0.226195331,,,,,,,,,,,,,,,,0.416428571,2595,,
85,E07000061,,1.108619417,,,Eastbourne,0.008852215,7948,46.09955578,0.255678674,0.265321357,,,,,,,,,,,,,,,,0.347923077,4745,,
86,E07000062,,2.746610842,,,Hastings,0.008694903,8414,42.74426891,0.201490676,0.280325599,,,,,,,,,,,,,,,,0.284545455,4875,,
87,E07000063,,1.008051507,,,Lewes,0.008410182,7963.461538,47.32015519,0.257319533,0.257563709,,,,,,,,,,,,,,,,0.341384615,4685,,
88,E07000064,,1.905477791,,,Rother,0.009852943,8792.363636,52.46199712,0.323488293,0.224372092,,,,,,,,,,,,,,,,0.364363636,4285,,
89,E07000065,,1.654832785,,105.9,Wealden,0.008890091,7749.190476,48.4592815,0.261222499,0.25071119,,,,,,,,,,,,,,,,0.399238095,7275,,
90,E07000066,,-0.218154519,,,Basildon,0.009166355,8525.363636,39.55272513,0.175993119,0.305167459,,,,,,,,,,,,,,,,0.318727273,10370,,
91,E07000067,,0.39759802,,,Braintree,0.008043408,8505.055556,43.35433949,0.207967556,0.27775901,,,,,,,,,,,,,,,,0.347833333,8085,,
92,E07000068,,0.439762141,,,Brentwood,0.007717924,8582.444444,43.46800738,0.205898351,0.276090451,,,,,,,,,,,,,,,,0.471,3865,,
93,E07000069,,0.91125156,,,Castle Point,0.009597613,7543.666667,46.48848522,0.25734936,0.262164023,,,,,,,,,,,,,,,,0.306083333,5240,,
94,E07000070,,0.850993304,,,Chelmsford,0.00772444,8549.952381,42.34345904,0.198962023,0.280830054,,,,,,,,,,,,,,,,0.455571429,8840,,
95,E07000071,,0.763177286,,,Colchester,0.00957927,9860,40.14211432,0.187166021,0.305508363,,,,,,,,,,,,,,,,0.38605,8785,,
96,E07000072,,1.100570129,,,Epping Forest,0.010798309,7775,42.66338736,0.19953549,0.278736745,,,,,,,,,,,,,,,,0.401941176,6185,,
97,E07000073,,0.498672998,,,Harlow,0.009954636,7934.545455,37.36831487,0.155343462,0.318584182,,,,,,,,,,,,,,,,0.330181818,4740,,
98,E07000074,,1.14786091,,121.2,Maldon,0.007659242,8175.125,48.82388429,0.256297815,0.248137364,,,,,,,,,,,,,,,,0.37825,3555,,
99,E07000075,,1.471320572,,102.5,Rochford,0.008583791,8762.7,45.54155347,0.23319239,0.262418442,,,,,,,,,,,,,,,,0.3534,5015,,
100,E07000076,,0.389168821,,96.1,Tendring,0.008631353,8186.277778,49.79545596,0.297270742,0.24783597,,,,,,,,,,,,,,,,0.294833333,7415,,
101,E07000077,,0.295662613,,125.8,Uttlesford,0.01207746,10306.55556,43.71071981,0.198339554,0.282876962,,,,,,,,,,,,,,,,0.503333333,4230,,
102,E07000078,,1.799674828,,,Cheltenham,0.008716959,7736.2,41.45405057,0.205364183,0.286816088,,,,,,,,,,,,,,,,0.505533333,4935,,
103,E07000079,,2.088414147,,,Cotswold,0.011461678,8205.818182,48.50024038,0.260876745,0.248047127,,,,,,,,,,,,,,,,0.463181818,4105,,
104,E07000080,,0.871435207,,,Forest of Dean,0.007666624,8710.7,48.10020454,0.253726959,0.255371534,,,,,,,,,,,,,,,,0.3637,4150,,
105,E07000081,,1.950968025,,,Gloucester,0.009327332,8647.266667,40.62594719,0.180914397,0.30210477,,,,,,,,,,,,,,,,0.3518,6920,,
106,E07000082,,3.009372289,,,Stroud,0.008312876,8189.642857,46.49125361,0.233310317,0.259091025,,,,,,,,,,,,,,,,0.445333333,6000,,
107,E07000083,,1.302590859,,105.4,Tewkesbury,0.012542621,10736,44.88682903,0.228203151,0.262816521,,,,,,,,,,,,,,,,0.439666667,4290,,
108,E07000084,,1.437213048,,,Basingstoke and Deane,0.007853448,8080,42.24566083,0.183772301,0.285135366,,,,,,,,,,,,,,,,0.393318182,8895,,
109,E07000085,,0.649692714,,,East Hampshire,0.010143058,8255.866667,46.34567601,0.233393122,0.267185484,,,,,,,,,,,,,,,,0.4068,5720,,
110,E07000086,,0.252630956,,,Eastleigh,0.008728103,9034.666667,42.5080069,0.203448946,0.276441473,,,,,,,,,,,,,,,,0.3942,6795,,
111,E07000087,,0.973836069,,,Fareham,0.008483983,8309.857143,46.54709507,0.243053596,0.25229534,,,,,,,,,,,,,,,,0.410571429,5630,,
112,E07000088,,0.797653694,,,Gosport,0.008361693,8467.9,43.02643825,0.208961425,0.280154896,,,,,,,,,,,,,,,,0.3024,4305,,
113,E07000089,,1.447324892,,,Hart,0.010852145,8873.454545,43.6083419,0.204111443,0.28048396,,,,,,,,,,,,,,,,0.513454545,4605,,
114,E07000090,,0.180744436,,99.6,Havant,0.009171231,7431.705882,45.01859721,0.237965882,0.271344047,,,,,,,,,,,,,,,,0.273294118,6155,,
115,E07000091,,-0.093105294,,,New Forest,0.006971435,7810.826087,50.20462433,0.294786429,0.236737863,,,,,,,,,,,,,,,,0.371652174,8490,,
116,E07000092,,1.583636838,,119.8,Rushmoor,0.013943246,7865.583333,39.82015028,0.154755579,0.290185469,,,,,,,,,,,,,,,,0.360166667,4890,,
117,E07000093,,0.73135725,,,Test Valley,0.010358431,8477.533333,45.79249493,0.228532647,0.262605032,,,,,,,,,,,,,,,,0.428066667,5945,,
118,E07000094,,1.314418722,,124.2,Winchester,0.011390147,8994.642857,42.69387707,0.214416822,0.309487355,,,,,,,,,,,,,,,,0.5075,5360,,
119,E07000095,,1.086874394,,,Broxbourne,0.011946839,7507.076923,40.49435698,0.180940615,0.299138983,,,,,,,,,,,,,,,,0.384153846,5410,,
120,E07000096,,-0.239384896,,,Dacorum,0.008205275,7066.227273,41.15841532,0.178840446,0.29098572,,,,,,,,,,,,,,,,0.482545455,7545,,
121,E07000098,,0.245104535,,,Hertsmere,0.012409762,8113.153846,40.91506538,0.183387878,0.30608259,,,,,,,,,,,,,,,,0.536307692,5070,,
122,E07000099,,1.12892792,,,North Hertfordshire,0.008528289,8897.533333,42.14236941,0.193745749,0.278095672,,,,,,,,,,,,,,,,0.492466667,6505,,
123,E07000102,,0.218586372,,,Three Rivers,0.012219212,7830.5,41.94658825,0.186177808,0.292063121,,,,,,,,,,,,,,,,0.55975,4660,,
124,E07000103,,0.791447683,,,Watford,0.012785105,8051.916667,37.46952196,0.137169117,0.315871258,,,,,,,,,,,,,,,,0.547166667,4760,,
125,E07000105,,-0.429263845,,,Ashford,0.008515844,9358.428571,43.42576249,0.209129119,0.28963804,,,,,,,,,,,,,,,,0.386071429,6870,,
126,E07000106,,3.002897079,,,Canterbury,0.006678854,8549.0625,41.70022282,0.218107409,0.299507826,,,,,,,,,,,,,,,,0.419736842,6940,,
127,E07000107,,1.528662349,,,Dartford,0.015867406,8773.153846,39.21792059,0.154711897,0.309526492,,,,,,,,,,,,,,,,0.390692308,5390,,
128,E07000108,,-0.850433302,,,Dover,0.007538665,8465.285714,46.96475137,0.249204467,0.252329079,,,,,,,,,,,,,,,,0.3875,6035,,
129,E07000109,,0.190668686,,,Gravesham,0.011034574,8222.307692,40.64605896,0.181244738,0.307077732,,,,,,,,,,,,,,,,0.384461538,5895,,
130,E07000110,,1.123781884,,105.4,Maidstone,0.009610684,9112.210526,42.66123275,0.201705787,0.286443123,,,,,,,,,,,,,,,,0.440421053,8165,,
131,E07000111,,2.168512633,,,Sevenoaks,0.010592067,8092.466667,44.43254805,0.222811622,0.28023576,,,,,,,,,,,,,,,,0.4598,5405,,
132,E07000112,,0.651185773,,,Folkestone and Hythe,0.007368053,8094.285714,47.40143463,0.25744778,0.245916865,,,,,,,,,,,,,,,,0.354357143,5560,,
133,E07000113,,4.144691016,,97.2,Swale,0.00788035,8933.166667,41.61568508,0.19612627,0.297790886,,,,,,,,,,,,,,,,0.325411765,7855,,
134,E07000114,,0.361668258,,91.7,Thanet,0.006863029,8321.058824,45.14666011,0.24344709,0.276573519,,,,,,,,,,,,,,,,0.353588235,7595,,
135,E07000115,,1.747920752,,,Tonbridge and Malling,0.010636895,10197.76923,42.59063948,0.195529446,0.295147374,,,,,,,,,,,,,,,,0.421230769,6745,,
136,E07000116,,2.656544563,,132.7,Tunbridge Wells,0.009918601,8547.769231,43.46238454,0.198793425,0.287340608,,,,,,,,,,,,,,,,0.528642857,5985,,
137,E07000117,,-0.872205192,,,Burnley,0.007308591,7445.333333,41.07558533,0.196545549,0.297791525,,,,,,,,,,,,,,,,0.379166667,4805,,
138,E07000118,,0.302082354,,,Chorley,0.007877552,8490.714286,43.0557603,0.201463579,0.267850761,,,,,,,,,,,,,,,,0.465428571,5590,,
139,E07000119,,0.120852595,,,Fylde,0.00930728,9023.444444,50.08685774,0.278001521,0.230419174,,,,,,,,,,,,,,,,0.501222222,3135,,
140,E07000120,,-0.645565591,,,Hyndburn,0.008605895,9014.777778,40.93058875,0.191474597,0.301868748,,,,,,,,,,,,,,,,0.376888889,4830,,
141,E07000121,,-1.063861857,,,Lancaster,0.005790002,8228.833333,40.59510979,0.205975861,0.315627575,,,,,,,,,,,,,,,,0.424722222,7015,,
142,E07000122,,0.121274124,,,Pendle,0.007365264,7088.076923,40.73067223,0.192661897,0.297980087,,,,,,,,,,,,,,,,0.406230769,4935,,
143,E07000123,,-0.111538616,,,Preston,0.008235111,8479.235294,36.71132262,0.1533768,0.339996329,,,,,,,,,,,,,,,,0.465117647,7240,,
144,E07000124,,0.476347513,,,Ribble Valley,0.00907502,7753.25,47.40443771,0.237777942,0.25915696,,,,,,,,,,,,,,,,0.5315,3270,,
145,E07000125,,-0.466123621,,75.9,Rossendale,0.00943651,8929,42.55968795,0.194948917,0.280108735,,,,,,,,,,,,,,,,0.429625,3850,,
146,E07000126,,0.170508834,,93.3,South Ribble,0.008106884,6534.470588,44.08441879,0.21711251,0.269650987,,,,,,,,,,,,,,,,0.452,5880,,
147,E07000127,,-0.324899539,,92.9,West Lancashire,0.006919504,7633.066667,43.46786612,0.222863596,0.297052076,,,,,,,,,,,,,,,,0.470333333,6095,,
148,E07000128,,0.454624496,,84.5,Wyre,0.008584935,8076.214286,49.05431533,0.275941747,0.241043849,,,,,,,,,,,,,,,,0.449642857,5250,,
149,E07000129,,-0.232396344,,,Blaby,0.011325864,8495.833333,42.52947929,0.203279093,0.277966774,,,,,,,,,,,,,,,,0.419916667,5165,,
150,E07000130,,0.256591287,,,Charnwood,0.006702257,8564.363636,40.36255617,0.191636043,0.307370369,,,,,,,,,,,,,,,,0.422454545,7645,,
151,E07000131,,0.584214442,,,Harborough,0.009293579,9553.7,45.61673719,0.22119109,0.265371056,,,,,,,,,,,,,,,,0.4749,4685,,
152,E07000132,,0.416093544,,,Hinckley and Bosworth,0.008117087,8119,44.6999247,0.223499668,0.261422913,,,,,,,,,,,,,,,,0.398785714,5370,,
153,E07000133,,-0.017658425,,,Melton,0.008196882,8565.666667,47.16108864,0.23614201,0.254967,,,,,,,,,,,,,,,,0.435666667,2655,,
154,E07000134,,-0.329512519,,,North West Leicestershire,0.008810397,8062.230769,43.749783,0.206819876,0.2721854,,,,,,,,,,,,,,,,0.394923077,5170,,
155,E07000135,,-0.848739093,,95.1,Oadby and Wigston,0.012711493,9552.166667,42.56060799,0.221415191,0.297347916,,,,,,,,,,,,,,,,0.457333333,3170,,
156,E07000136,,1.158663208,,,Boston,0.008235019,8854.625,42.78512509,0.216540221,0.276454032,,,,,,,,,,,,,,,,0.32925,3515,,
157,E07000137,,0.401589724,,,East Lindsey,0.008739031,7890.555556,52.09511378,0.307414949,0.223799667,,,,,,,,,,,,,,,,0.365444444,7050,,
158,E07000138,,3.505250898,,,Lincoln,0.009823442,8436.714286,38.28236141,0.178800877,0.318530891,,,,,,,,,,,,,,,,0.342909091,4175,,
159,E07000139,,1.857930422,,,North Kesteven,0.010735052,9088.384615,45.68276177,0.239838674,0.253697332,,,,,,,,,,,,,,,,0.442923077,6255,,
160,E07000140,,2.503260726,,,South Holland,0.007438769,7795,48.91275171,0.268351079,0.249594355,,,,,,,,,,,,,,,,0.326727273,4745,,
161,E07000141,,0.600606965,,,South Kesteven,0.008470867,8951.5625,46.08104157,0.235942517,0.263290924,,,,,,,,,,,,,,,,0.4596875,7460,,
162,E07000142,,1.952990786,,87.6,West Lindsey,0.011787153,8744.181818,47.62787632,0.25314088,0.251172135,,,,,,,,,,,,,,,,0.426636364,5105,,
163,E07000143,,0.280397807,,,Breckland,0.009227861,8309.117647,46.78860234,0.255910517,0.256513266,,,,,,,,,,,,,,,,0.299823529,6590,,
164,E07000144,,1.726904254,,,Broadland,0.00872136,7329.5,47.7873761,0.259653772,0.24295292,,,,,,,,,,,,,,,,0.361888889,6505,,
165,E07000145,,-0.236257976,,,Great Yarmouth,0.007393102,7630.615385,45.46852686,0.249356194,0.270030655,,,,,,,,,,,,,,,,0.266923077,5360,,
166,E07000146,,0.836235118,,,King's Lynn and West Norfolk,0.006508934,7960.263158,48.00516114,0.270475977,0.252363885,,,,,,,,,,,,,,,,0.281052632,7130,,
167,E07000147,,1.088752905,,92.3,North Norfolk,0.007264551,7511.928571,54.30733436,0.337102562,0.206843722,,,,,,,,,,,,,,,,0.311785714,4295,,
168,E07000148,,2.175768872,,85.1,Norwich,0.009205361,10155.5,34.23055848,0.15305618,0.340740177,,,,,,,,,,,,,,,,0.332,5075,,
169,E07000149,,1.025426305,,91.7,South Norfolk,0.01022359,9537.733333,46.59654093,0.249110224,0.258956775,,,,,,,,,,,,,,,,0.3964,6450,,
170,E07000150,,-0.238413408,,,Corby,0.009131435,,,,,,,,,,,,,,,,,,,,,,,
171,E07000151,,0.760793136,,,Daventry,0.011120792,,,,,,,,,,,,,,,,,,,,,,,
172,E07000152,,0.053711897,,,East Northamptonshire,0.010092876,,,,,,,,,,,,,,,,,,,,,,,
173,E07000153,,0.025565407,,,Kettering,0.009067151,,,,,,,,,,,,,,,,,,,,,,,
174,E07000154,,1.36695209,,,Northampton,0.007799482,,,,,,,,,,,,,,,,,,,,,,,
175,E07000155,,0.437336706,,,South Northamptonshire,0.01196829,,,,,,,,,,,,,,,,,,,,,,,
176,E07000156,,-0.320024351,,,Wellingborough,0.010505107,,,,,,,,,,,,,,,,,,,,,,,
177,E07000163,,-0.083731732,,,Craven,0.007755636,7167.25,50.31265107,0.280488849,0.231809537,,,,,,,,,,,,,,,,0.490875,2960,,
178,E07000164,,-0.107032726,,,Hambleton,0.008289424,8357.454545,49.38841196,0.267729392,0.234738759,,,,,,,,,,,,,,,,0.484454545,4410,,
179,E07000165,,-0.199339409,,,Harrogate,0.008004049,7692.619048,47.26894847,0.242107907,0.255423099,,,,,,,,,,,,,,,,0.511904762,7870,,
180,E07000166,,0.847534863,,,Richmondshire,0.014711633,8955.333333,48.01898029,0.248043083,0.225949136,,,,,,,,,,,,,,,,0.466833333,2515,,
181,E07000167,,-0.740701146,,,Ryedale,0.007898952,9271.5,50.56404671,0.278496557,0.23396052,,,,,,,,,,,,,,,,0.435,2580,,
182,E07000168,,-0.403530253,,,Scarborough,0.005951832,7766.928571,49.03093656,0.273637465,0.241837682,,,,,,,,,,,,,,,,0.365357143,5425,,
183,E07000169,,-1.109045582,,106.7,Selby,0.00902295,9169.7,44.90922936,0.212332412,0.261632972,,,,,,,,,,,,,,,,0.4102,4355,,
184,E07000170,,-0.708965361,,,Ashfield,0.009582765,8021.0625,42.1536132,0.199263547,0.281207382,,,,,,,,,,,,,,,,0.2838125,6715,,
185,E07000171,,-0.107197617,,,Bassetlaw,0.007583574,8448.571429,45.08726372,0.222549657,0.266951313,,,,,,,,,,,,,,,,0.354357143,6100,,
186,E07000172,,-0.436839764,,,Broxtowe,0.009847584,8187.642857,42.55117989,0.211659867,0.270173814,,,,,,,,,,,,,,,,0.401285714,5135,,
187,E07000173,,-0.800018216,,,Gedling,0.009399973,7882.6,43.2429259,0.209234294,0.266176849,,,,,,,,,,,,,,,,0.4078,5880,,
188,E07000174,,0.030376291,,,Mansfield,0.009062776,8411.615385,42.33381783,0.197138527,0.276157471,,,,,,,,,,,,,,,,0.306153846,5540,,
189,E07000175,,-0.107258019,,84.4,Newark and Sherwood,0.008448725,9471.307692,45.48054573,0.231467075,0.263816868,,,,,,,,,,,,,,,,0.364153846,6190,,
190,E07000176,,-0.020136056,,95.3,Rushcliffe,0.007612331,8094.4,43.86450557,0.216874175,0.274734561,,,,,,,,,,,,,,,,0.562733333,5490,,
191,E07000177,,0.766292471,,,Cherwell,0.009694991,7991.894737,41.93374523,0.188836115,0.284521108,,,,,,,,,,,,,,,,0.389,7140,,
192,E07000178,,1.050594327,,,Oxford,0.00893377,8421.333333,32.98663569,0.139158281,0.38645944,,,,,,,,,,,,,,,,0.474277778,5130,,
193,E07000179,,1.113541575,,,South Oxfordshire,0.009501528,7189.1,44.40471868,0.214459488,0.272936855,,,,,,,,,,,,,,,,0.45105,6290,,
194,E07000180,,0.620871317,,,Vale of White Horse,0.011948761,9850.714286,42.31177252,0.204123588,0.278295642,,,,,,,,,,,,,,,,0.409071429,5415,,
195,E07000181,,0.584748131,,120.2,West Oxfordshire,0.008410668,7450.533333,45.08595449,0.226571231,0.26469667,,,,,,,,,,,,,,,,0.4244,5260,,
196,E07000187,,-0.27193691,,,Mendip,0.010791715,8306.285714,46.75339872,0.24218308,0.263249986,,,,,,,,,,,,,,,,0.383714286,5675,,
197,E07000188,,-0.296771631,,,Sedgemoor,0.007881943,8817.571429,46.07209202,0.242986796,0.265088123,,,,,,,,,,,,,,,,0.347,6445,,
198,E07000189,,-0.212421769,,,South Somerset,0.008085351,7029,47.09852906,0.259321398,0.256611183,,,,,,,,,,,,,,,,0.341833333,8370,,
199,E07000192,,-0.18150538,,,Cannock Chase,0.00777798,7806.461538,42.0466083,0.192448011,0.27101739,,,,,,,,,,,,,,,,0.332769231,5400,,
200,E07000193,,-1.13083763,,,East Staffordshire,0.007307404,8061.533333,42.83457782,0.198952416,0.28537933,,,,,,,,,,,,,,,,0.415266667,6180,,
201,E07000194,,-1.027119429,,,Lichfield,0.008617775,8803.083333,45.6619865,0.237897822,0.260865888,,,,,,,,,,,,,,,,0.441083333,5155,,
202,E07000195,,-0.00766226,,,Newcastle-under-Lyme,0.007304421,8100.625,42.14073532,0.21213992,0.28085561,,,,,,,,,,,,,,,,0.400875,6355,,
203,E07000196,,-1.07425546,,,South Staffordshire,0.009187595,8026.357143,46.94642918,0.245508775,0.249233164,,,,,,,,,,,,,,,,0.440285714,5570,,
204,E07000197,,-0.113338795,,,Stafford,0.007798819,8616.125,44.89489379,0.226356327,0.25489063,,,,,,,,,,,,,,,,0.4448125,6120,,
205,E07000198,,0.101433422,,,Staffordshire Moorlands,0.008274448,7571.307692,48.39149328,0.257154543,0.242378171,,,,,,,,,,,,,,,,0.423,5030,,
206,E07000199,,-0.560357941,,92,Tamworth,0.008349994,7686.4,41.18300682,0.191214643,0.290163701,,,,,,,,,,,,,,,,0.32,4330,,
207,E07000200,,0.444414603,,,Babergh,0.010760623,8430.454545,48.7464453,0.268199659,0.248103684,,,,,,,,,,,,,,,,0.404272727,4485,,
208,E07000202,,1.035453497,,,Ipswich,0.009914789,8334.666667,39.66241397,0.183918889,0.298611904,,,,,,,,,,,,,,,,0.304125,6870,,
209,E07000203,,0.272173366,,,Mid Suffolk,0.009542755,8738.083333,47.61660213,0.254676036,0.246940316,,,,,,,,,,,,,,,,0.42175,5255,,
210,E07000207,,2.642853406,,,Elmbridge,0.010104195,7623.055556,42.92710207,0.186429028,0.301482454,,,,,,,,,,,,,,,,0.537833333,4540,,
211,E07000208,,0.867301828,,,Epsom and Ewell,0.010585141,9000.333333,41.44089127,0.183935553,0.305061076,,,,,,,,,,,,,,,,0.560666667,3875,,
212,E07000209,,1.496998825,,,Guildford,0.00843839,8352.888889,38.38067731,0.172435957,0.326137134,,,,,,,,,,,,,,,,0.481833333,5405,,
213,E07000210,,1.664897302,,,Mole Valley,0.009216325,6734.384615,47.19407143,0.24140169,0.260780643,,,,,,,,,,,,,,,,0.537461538,3955,,
214,E07000211,,1.183438109,,,Reigate and Banstead,0.010513516,8291.277778,42.12274821,0.187099672,0.290379967,,,,,,,,,,,,,,,,0.455111111,6425,,
215,E07000212,,1.316837945,,,Runnymede,0.009461108,9032.7,38.50870957,0.175412226,0.307092265,,,,,,,,,,,,,,,,0.4117,3235,,
216,E07000213,,0.87781747,,,Spelthorne,0.009967716,7682.538462,42.20952068,0.190758406,0.284719256,,,,,,,,,,,,,,,,0.375692308,4660,,
217,E07000214,,1.276316789,,,Surrey Heath,0.011502281,7433.666667,43.69880776,0.201159291,0.281053947,,,,,,,,,,,,,,,,0.493166667,4465,,
218,E07000215,,0.798988307,,141.7,Tandridge,0.010710563,8049.272727,44.08724209,0.210546625,0.278768771,,,,,,,,,,,,,,,,0.428727273,3850,,
219,E07000216,,1.786971472,,,Waverley,0.011191105,7444.470588,44.67054292,0.221733559,0.292129228,,,,,,,,,,,,,,,,0.499058824,4795,,
220,E07000217,,0.802058111,,147.9,Woking,0.009720258,8334,41.8232301,0.181381662,0.294856778,,,,,,,,,,,,,,,,0.52175,4410,,
221,E07000218,,-0.128666279,,,North Warwickshire,0.012330456,9350.285714,45.20885788,0.220450613,0.260312784,,,,,,,,,,,,,,,,0.353571429,3395,,
222,E07000219,,0.802197198,,,Nuneaton and Bedworth,0.008953901,7669,41.5346605,0.197186541,0.287696943,,,,,,,,,,,,,,,,0.354470588,7025,,
223,E07000220,,0.609607016,,,Rugby,0.009271274,9220.833333,41.21727066,0.190398471,0.292000827,,,,,,,,,,,,,,,,0.447166667,5235,,
224,E07000221,,1.457677013,,,Stratford-on-Avon,0.008953531,8826.8,47.89178279,0.259087958,0.24973299,,,,,,,,,,,,,,,,0.4818,5875,,
225,E07000222,,0.514486024,,111.8,Warwick,0.006208922,9660.6,40.3886231,0.19594333,0.299781008,,,,,,,,,,,,,,,,0.5066,5855,,
226,E07000223,,0.670868203,,,Adur,0.009981011,8023.375,45.57395415,0.24036949,0.262247002,,,,,,,,,,,,,,,,0.32475,3015,,
227,E07000224,,0.672587632,,,Arun,0.006347025,8480.157895,49.80358077,0.298683467,0.234280201,,,,,,,,,,,,,,,,0.335947368,7120,,
228,E07000225,,1.401706523,,,Chichester,0.010067226,8679.142857,48.90877416,0.276760372,0.255116928,,,,,,,,,,,,,,,,0.401142857,4715,,
229,E07000226,,-0.311374222,,,Crawley,0.007907652,8651.846154,37.46915319,0.137638524,0.314678399,,,,,,,,,,,,,,,,0.349615385,6075,,
230,E07000227,,1.224336122,,,Horsham,0.009097915,9092.125,46.34423257,0.234228021,0.259779516,,,,,,,,,,,,,,,,0.4605625,6715,,
231,E07000228,,0.813140968,,119.5,Mid Sussex,0.00833867,8949.529412,43.71135445,0.207348502,0.277748507,,,,,,,,,,,,,,,,0.440411765,6925,,
232,E07000229,,1.078660824,,110.1,Worthing,0.007908275,8517.461538,45.36032528,0.230459908,0.259390877,,,,,,,,,,,,,,,,0.375923077,5270,,
233,E07000234,,-0.959312798,,,Bromsgrove,0.010881817,7183.5,44.92530694,0.228915971,0.266192655,,,,,,,,,,,,,,,,0.500714286,4915,,
234,E07000235,,0.74294091,,,Malvern Hills,0.01061362,7222.272727,50.16104018,0.283187368,0.236856192,,,,,,,,,,,,,,,,0.457090909,3615,,
235,E07000236,,-0.494432703,,,Redditch,0.006760246,6582.153846,40.69202346,0.188898052,0.291338997,,,,,,,,,,,,,,,,0.374923077,4680,,
236,E07000237,,0.846404168,,,Worcester,0.007271732,7161.785714,38.65220188,0.17503516,0.306620051,,,,,,,,,,,,,,,,0.393285714,4760,,
237,E07000238,,0.695817206,,,Wychavon,0.008135399,6899.157895,47.43737777,0.253761744,0.250661093,,,,,,,,,,,,,,,,0.419789474,5760,,
238,E07000239,,-0.561626547,,101.7,Wyre Forest,0.006463784,7224.214286,46.31829559,0.250816385,0.256839634,,,,,,,,,,,,,,,,0.361428571,4910,,
239,E07000240,,-0.230672548,,,St Albans,0.00784527,7465.85,41.27896002,0.17407957,0.307093468,,,,,,,,,,,,,,,,0.6604,7295,,
240,E07000241,,-0.081414544,,,Welwyn Hatfield,0.009102507,7743.3125,38.70983782,0.170126453,0.316957025,,,,,,,,,,,,,,,,0.4663125,5160,,
241,E07000242,,0.461684163,,,East Hertfordshire,0.008206418,8432.555556,42.41150236,0.182327153,0.28571949,,,,,,,,,,,,,,,,0.524388889,7595,,
242,E07000243,,-0.004611017,,125.6,Stevenage,0.008912798,7342,38.26020662,0.155785004,0.302660355,,,,,,,,,,,,,,,,0.370833333,4735,,
243,E08000001,3.032520325,-0.934236149,-303.6581375,,Bolton,0.007004596,8235.657143,39.23196747,0.175912126,0.314366898,14,1.491300746,2.89975145,0,1.171981466,3.493571828,4.946897708,0.027948575,2.51173061,15.94007876,19.801,92.032,14.2981475,83.8,33.3,0.443342857,16045,45,90.9
244,E08000002,2.891566265,-0.139417464,-13465.87579,,Bury,0.007651824,7334.923077,40.81869614,0.188483386,0.292277402,15,1.954821894,3.735881842,0.304083406,6.133909287,2.713704206,5.92492085,1.040253279,9.136137494,14.79383703,18.536,85.519,19.3535244,70.5,37.2,0.462730769,10030,46,88.3
245,E08000003,3.077777778,-0.846844698,27354.03186,71.4,Manchester,0.009059562,9749.842105,31.79733939,0.097840522,0.361249201,23,1.940655323,2.685979468,0,4.598509352,4.427986133,8.05231642,0,12.81121967,24.77103773,15.595,84.785,12.8147852,83.3,29.1,0.395210526,24415,47,112.4
246,E08000004,2.952830189,-0.744176858,-5426.009501,,Oldham,0.007302393,7200.848485,39.24224595,0.174581935,0.318427488,24,0.864649152,3.159294978,0,1.034259858,3.609625668,8.856951872,0,5.314322748,17.62072274,24.639,88.593,10.7603196,83,32,0.402272727,14005,48,98.7
247,E08000005,2.965909091,-0.783481758,-8403.039703,78.6,Rochdale,0.007887063,8946.36,39.04000821,0.172039031,0.312079515,25,1.907356948,3.678474114,0.034059946,1.942078365,0.62707488,1.549243821,0,8.33640723,18.92479714,24.224,88.738,16.8771624,88.1,37.3,0.4236,12530,49,98.7
248,E08000006,2.850877193,-0.57112416,-7158.463865,,Salford,0.007388633,8756.566667,35.76803073,0.146280921,0.324637627,26,1.271600913,3.814802739,0.097815455,2.023498695,2.943548387,7.338709677,0,11.37096774,21.60630009,42.529,92.05,16.8137873,72.4,48.6,0.345966667,11160,50,112.4
249,E08000007,3.026785714,0.234524836,-6254.824607,,Stockport,0.006205226,7004.690476,42.45928819,0.204614195,0.279354676,29,1.936459909,3.025718608,0,1.14492317,2.512077295,4.347826087,0.064412238,6.728612624,11.40447819,20.113,86.164,10.654527,72.2,43.1,0.455214286,14185,51,107.7
250,E08000008,2.910891089,-0.539388922,-8824.534825,91.9,Tameside,0.007031979,7570.566667,40.50103508,0.180536777,0.294564395,30,1.371841155,2.454873646,0,2.671480144,2.140443109,5.031918888,0.037551633,6.574004508,17.373172,25.2,88.989,26.8794857,81.9,41.1,0.3753,12465,52,117.9
251,E08000009,3.231707317,-0.321508596,-9125.130765,96.6,Trafford,0.007787917,8484.964286,40.93627603,0.177534861,0.300227591,31,1.408959538,0.939306358,0,2.565028902,4.516346478,2.359285474,0.37074486,7.255098629,8.56983862,6.024,64.486,16.2286545,83,16.7,0.548214286,12470,53,112.4
252,E08000010,3.083969466,-0.452999421,-3203.597524,79.4,Wigan,0.005418143,8267.8,41.94715434,0.192254671,0.280206295,33,1.556852933,2.251876564,0.027800945,2.614015573,0.403923832,0.807847663,0.115406809,5.199306759,14.27110846,13.228,82.629,7.9431528,56.7,37,0.40275,17210,54,97.7
253,E08000011,2.894736842,-0.765850456,-17446.25484,,Knowsley,0.010231556,7622.6,39.22378984,0.173999359,0.30394433,20,1.396648045,2.402234637,0,12.94444444,3.091013165,3.377218088,0,41.08967083,29.13825477,58.333,100,6.5293822,66.3,50,0.3434,9045,40,98.5
254,E08000012,3.01183432,-0.194108078,9778.51596,73.5,Liverpool,0.005836651,8204.491803,37.3199688,0.156885352,0.313279905,22,1.418026418,3.108003108,0,3.632478632,6.080634501,7.644855695,0,5.155320555,24.02755492,27.171,85.079,12.5184299,86.9,35.7,0.395622951,22185,41,105.8
255,E08000013,2.985074627,0.409305468,-15620.30744,80.7,St. Helens,0.005927586,7873.695652,43.10058615,0.213374214,0.270959424,28,1.839303001,2.952565344,0,3.146176186,0.152284264,0.659898477,0,10.69979716,15.83864916,25.344,88.069,4.1602057,80.8,35.9,0.414347826,9570,42,98.5
256,E08000014,2.9375,0.08192892,-9039.804344,90.7,Sefton,0.005903368,7260.5,45.75563742,0.239600604,0.262285708,27,1.048218029,2.236198463,0.139762404,2.309307208,0.444444444,2.222222222,0.185185185,4.322766571,15.29370524,28.924,89.264,9.8654255,62.8,38.5,0.455263158,14435,43,97.7
257,E08000015,2.982905983,-1.772583036,-3762.011541,89.4,Wirral,0.003317885,7722.285714,43.94560505,0.221087933,0.276023826,34,1.95585359,3.241128807,0,0.335289187,2.014968336,4.231433506,0,3.595696489,17.01661421,20.135,82.07,9.0541438,71.1,33,0.466833333,17500,44,97.7
258,E08000016,2.967032967,0.129021763,-8335.444729,,Barnsley,0.005490238,8269.033333,42.17748946,0.197564004,0.278185305,35,0.767263427,2.301790281,0,1.644135915,0.41322314,1.198347107,0,8.966942149,18.04951637,21.611,86.301,13.3495506,74.6,49.6,0.328166667,12805,55,97.6
259,E08000017,2.8,-1.406366365,-3482.864094,,Doncaster,0.005823137,8020.128205,41.78710437,0.198604477,0.282183175,38,0.374765771,1.561524047,0.031230481,1.030927835,0.673076923,2.179487179,0,4.038461538,15.34814128,25.311,87.912,8.8674943,77.4,34.4,0.334076923,16360,56,48.9
260,E08000018,2.834951456,-0.293871542,-6497.467235,80,Rotherham,0.006640721,8029.818182,41.99026665,0.199242862,0.287452345,45,0.428054001,1.317089233,0,1.21830754,0.639515315,1.783911141,0,1.413665433,15.07248959,30.367,89.884,8.5670484,61.6,45.1,0.355060606,15345,57,106.1
261,E08000019,3,0.135398042,15981.7099,75.5,Sheffield,0.004209149,8417.342857,38.23173551,0.17090987,0.319590229,46,1.160285099,1.839880656,0,1.077407592,2.0023757,3.784150687,0,5.124724249,20.30140523,21.843,80.235,15.4827754,79.4,36.6,0.406385714,27020,58,106.1
262,E08000021,3.065934066,0.307748398,-7418.767997,,Newcastle upon Tyne,0.006016725,10580.13793,35.87253762,0.156476493,0.349691176,5,2.049967969,3.491351698,0,3.010890455,1.875901876,3.03030303,0,2.260702261,25.61347035,21.501,83.1,14.8798265,74.2,47.3,0.437965517,11915,65,79.1
263,E08000022,3.151898734,0.50003438,-13606.8853,,North Tyneside,0.005497058,6962.366667,43.36156866,0.208267662,0.264735379,6,1.267482517,2.01048951,0.524475524,2.090592334,0.646678424,2.821869489,0.646678424,5.89953271,12.61867603,23.046,83.978,5.8673968,84.6,27.1,0.448066667,10290,66,79.1
264,E08000023,3.103448276,0.263943864,-19206.07219,,South Tyneside,0.00462706,6571,43.13521074,0.206791908,0.27079959,9,0.766283525,0.383141762,2.681992337,1.00565682,1.841359773,1.487252125,3.116147309,0.978336827,19.16040214,21.601,84.055,17.0271514,57,49.6,0.401652174,7855,67,70.9
265,E08000024,2.98019802,0.731306708,-7902.958849,74.9,Sunderland,0.004360701,7717.944444,42.130381,0.200997276,0.275098708,11,0.636492221,0,0.601131542,1.529704731,0.94855892,0,2.553812477,3.406963684,20.99619089,31.703,87.952,13.1834237,29.8,37.7,0.369972222,14770,68,79.3
266,E08000025,2.894977169,-2.700618791,89798.33521,71.6,Birmingham,0.006935925,8640.340909,34.08860659,0.138049482,0.362669953,59,2.443373176,3.466948425,0.046225979,3.077939234,6.144352026,6.372417494,0.516501207,10.5724496,24.36733834,26.756,80.928,11.3241771,94.8,30.4,0.458757576,62235,33,82.8
267,E08000026,2.921052632,-0.581537736,3441.190944,72.8,Coventry,0.005944762,9033.02381,34.19218409,0.143625707,0.337984294,60,1.136632726,1.515510301,0,1.870708027,3.138075314,5.413179916,0,4.837866109,15.81079875,26.602,87.824,12.9619961,74.6,38.1,0.411952381,17080,34,105.5
268,E08000027,2.84,-1.311498381,-1222.797056,78.6,Dudley,0.00700021,7496.813953,42.06068974,0.207317397,0.286805709,61,1.048218029,2.961215933,0,3.585246324,1.898364486,2.424065421,0.496495327,12.07897793,14.56261588,20.513,83.384,19.8634913,81.1,41.5,0.398930233,17475,35,97.3
269,E08000028,2.862068966,-2.231879374,4252.023276,67.3,Sandwell,0.011005961,8659,36.93371854,0.155324815,0.328719264,63,1.412803532,4.194260486,0.022075055,4.986760812,4.582146249,6.433998101,0.094966762,14.11261582,20.48053191,37.754,94.787,14.3259232,92.5,36.9,0.397184211,18995,36,97.3
270,E08000029,3.101265823,-2.128983431,-12146.22008,111.6,Solihull,0.009124352,7499.551724,42.34163548,0.209317165,0.290309618,65,2.310101801,3.328112764,0.313234143,2.435192459,4.233226837,4.033546326,0.559105431,10.44176707,13.30939831,11.58,86.139,14.8702697,93.9,32.3,0.470655172,11770,37,76
271,E08000030,2.913043478,-1.161396847,-2938.76457,73.8,Walsall,0.009353237,7351.692308,39.3493568,0.181066567,0.315753837,69,1.071532001,4.083405734,0.318563568,4.36416185,3.959208158,5.548890222,0.359928014,14.13904371,18.82316398,25.402,86.399,11.481527,77.6,37.7,0.388846154,15765,38,85.4
272,E08000031,2.967032967,-1.844571037,-4220.986846,72.3,Wolverhampton,0.008563976,8012.333333,38.57122406,0.169964518,0.31414437,71,2.211838006,3.831775701,0,4.579439252,4.766875435,3.862212944,0.139178845,10.27874564,20.08459484,31.507,87.198,22.931734,88.8,34.5,0.447151515,14090,39,85.4
273,E08000032,2.869791667,-1.639424462,32269.66473,71.8,Bradford,0.006645475,8887.344262,37.34725458,0.155241182,0.344204888,36,1.434893389,2.105404318,0.013410219,2.561695279,4.219126708,6.897937316,0.040182159,10.08977623,17.7045031,27.079,89.478,2.5240288,85.2,33.3,0.430409836,31185,59,102.1
274,E08000033,2.894230769,-0.294746642,-10361.00142,,Calderdale,0.006259131,7853.52,41.87916512,0.187297325,0.292243801,37,1.157981803,1.11662531,0.041356493,0.951199338,3.407290016,3.407290016,0,2.989771833,14.35884801,23.963,85.185,11.7979532,75.4,42.1,0.448222222,11825,60,99.6
275,E08000034,2.895027624,0.4637651,5739.672066,81.7,Kirklees,0.005153896,7527.178571,40.40813289,0.181594966,0.305633772,40,1.530912659,1.707556428,0,2.082522382,2.255319149,3.042553191,0.042553191,7.508460237,18.98307091,16.73,78.789,10.674732,63,29.2,0.457915254,23735,61,99.6
276,E08000035,2.97037037,-0.872769395,48667.299,87,Leeds,0.005039205,7465.28972,37.46777158,0.163607046,0.329508148,41,2.119805948,2.77367644,0,0.611685298,2.379521692,3.136642231,0,5.107559188,15.62301413,25.396,85.511,0.4890972,80.5,39.9,0.399598131,37150,62,99.6
277,E08000036,2.984732824,-1.131722616,-1224.07802,82.6,Wakefield,0.005727868,7813.155556,41.63052069,0.193883852,0.278903647,47,0.640683396,2.028830753,0,1.747418586,0.464037123,1.711136891,0,1.606425703,13.05310153,20.267,87.075,12.7696882,80.9,45.4,0.365266667,17985,63,121.6
278,E08000037,,0.267120712,,78.4,Gateshead,0.005295946,7479.62963,42.24998659,0.20156801,0.273511345,,,,,,,,,,,,,,,,0.391,9570,,
279,E09000001,4,0.610642008,,,City of London,0.006009929,10938,35.44117647,0.158255623,0.28350704,116,10.34482759,6.896551724,0,79.31034483,,,,,11.26760563,,,,,100,0.65,80,0,101.4
280,E09000002,3.046875,0.244371013,-4493.620776,,Barking and Dagenham,0.020886427,9732.136364,32.30917648,0.093542448,0.381868481,129,0.994318182,1.25,0,6.392045455,4.939876503,4.777380565,0,17.09457264,14.87004293,24.604,88.271,4.4036527,92.5,33.5,0.465227273,12100,13,83.1
281,E09000003,3.134751773,1.224496114,-461.1255312,144.8,Barnet,0.009577028,9628.842105,37.76744802,0.146814063,0.30555483,130,2.43204578,2.742012399,0,6.938483548,5.332322467,8.213292899,0,19.23174122,11.34932585,11.993,72.704,5.292032,83,17.9,0.629634146,16165,14,94.8
282,E09000004,3.027027027,-0.012110918,-6582.234071,,Bexley,0.012253986,8903.607143,38.93673331,0.167314941,0.302651398,131,1.360544218,1.326530612,0,5.068027211,5.272596844,2.116212339,0.215208034,20.27318476,10.95918554,21.638,82.883,12.3366536,94.2,32.1,0.445607143,13835,15,83.1
283,E09000005,3.151162791,-1.325187386,-1489.127118,121.4,Brent,0.012762001,9639.794118,35.66031171,0.130966919,0.324369355,132,2.389705882,2.862394958,0.026260504,11.05857631,6.420177701,8.025222127,0,28.26024649,11.03309722,21.419,79.167,6.1167068,77.4,17.7,0.611617647,15300,16,93
284,E09000006,3.132653061,0.423232166,-5176.25441,139.1,Bromley,0.009080394,8532.102564,41.32702444,0.17871815,0.287394998,133,2.807107906,1.67396343,0,3.476693278,6.111578357,4.850014017,0,16.96103168,8.730267943,18.701,78.887,11.4411962,92.5,40.6,0.511461538,15265,17,79.6
285,E09000007,3.231884058,0.757213246,-20507.20475,234,Camden,0.005880937,9982.714286,34.04074118,0.12092993,0.305274298,115,2.076777848,4.405286344,0,10.9502832,6.145624582,5.878423514,0,26.45290581,24.94958352,21.383,87.648,9.4216878,73.5,29.1,0.520571429,6080,1,72.4
286,E09000008,3.061403509,-0.37342433,1789.506997,112.9,Croydon,0.011994689,8830.977273,38.32240733,0.14479562,0.314613575,134,1.776160924,1.326770811,0,8.41001498,6.965405154,5.595542141,0,26.67750174,19.84309388,33.951,90.283,6.4750971,84.8,35.9,0.506431818,19495,18,85.6
287,E09000009,3.164948454,-0.227456538,2450.669231,130.3,Ealing,0.012779515,8726.692308,37.26821818,0.136488399,0.314338076,135,2.300799225,2.15548559,0.121094696,5.64985451,6.570680628,6.282722513,0.418848168,22.42376446,13.29176782,15.082,82.772,11.1744329,89.5,18.1,0.626025641,15930,19,93
288,E09000010,3.042553191,-0.534910703,4675.447639,109.1,Enfield,0.01323094,9266.305556,36.76428399,0.139200168,0.325497932,136,2.044566965,1.355387089,0.045945325,6.341911765,5.913729128,5.658627087,0,16.92165044,15.24543359,24.663,83.591,9.7545949,79.9,22.2,0.575777778,18560,20,88
289,E09000011,3.05,0.13803192,-3456.114929,109.9,Greenwich,0.011960445,8758.606061,35.82147013,0.115136481,0.318651594,137,2.446236559,3.655913978,0,8.11827957,7.922705314,8.405797101,0,26.08695652,16.11014546,28.031,91.097,3.2978423,90.5,30,0.485848485,12700,2,83.1
290,E09000012,2.903846154,-0.745189328,-11583.66913,,Hackney,0.007998434,10033.60714,32.93568386,0.081863216,0.308474257,117,2.468652038,0,2.155172414,7.328794553,7.795275591,0,6.929133858,13.49407783,27.70093458,26.858,85.556,15.0803318,92.2,23.2,0.531928571,10425,3,101.4
291,E09000013,3.254237288,0.492541197,-20438.40458,,Hammersmith and Fulham,0.009573875,7341.76,35.00378918,0.112488579,0.300107794,118,4.377564979,4.582763338,0,6.497948016,6.850393701,14.17322835,0,23.46456693,20.93681082,23.855,81.22,13.723472,94.9,25,0.51832,4820,4,93
292,E09000014,3.152173913,0.127154875,-9988.937989,,Haringey,0.013254727,7398.805556,36.12398174,0.110119933,0.30182004,119,1.546961326,1.031307551,0,6.998158379,6.52761684,5.986867516,0,18.77172654,17.15977862,26.024,80.723,6.7934783,90,17.5,0.574388889,11675,21,101.4
293,E09000015,3.338709677,-1.42958646,-9339.362869,,Harrow,0.013436194,8411.266667,38.60053357,0.16445519,0.306344984,138,4.295259306,4.740693605,0,6.204263443,5.414244186,2.943313953,0,26.67151163,8.518559373,12.368,82.282,12.1816168,97.4,16.1,0.6746,12230,22,99.7
294,E09000016,3.098765432,1.193685999,-11251.57386,100.6,Havering,0.010873344,8655.827586,39.98015987,0.186586038,0.297245453,139,2.047051635,3.269172013,0,3.391384051,4.321643642,3.15267446,0,9.528869996,10.78936626,20.258,88.048,9.4571107,92.4,40.8,0.363566667,14015,23,75.3
295,E09000017,3.030927835,-1.104650076,-4073.779272,120.2,Hillingdon,0.013074554,9656.6875,37.20568461,0.143707422,0.320629348,140,1.963784749,1.530221882,0,5.253761795,6.879391101,5.06440281,0,14.75409836,12.41058792,28.329,88.13,9.0252708,90.9,34.9,0.51371875,14885,24,62.8
296,E09000018,3.246753247,-0.642122395,-7357.238233,,Hounslow,0.011932367,9705.964286,36.4520437,0.127171425,0.316616387,141,3.599114064,2.380952381,0,8.388704319,6.668824862,6.86306248,0,23.04953059,14.65422108,17.809,86.953,8.7616149,99,27.2,0.551964286,12280,25,93
297,E09000019,3.229508197,0.336057399,-15365.07897,144.6,Islington,0.005770213,10787.6087,31.7231777,0.09028037,0.304396486,120,3.916707982,0,3.272186415,9.892362891,6.424747174,0,7.138607971,29.27610506,28.10182401,25.123,87.584,10.7189974,85,27.4,0.513173913,6800,5,101.4
298,E09000020,3.428571429,1.139020994,-24787.68264,296.8,Kensington and Chelsea,0.008732447,7469.714286,39.99927738,0.163997738,0.267917641,121,4.966139955,9.367945824,0,10.60948081,6.686046512,10.31976744,0,28.19767442,19.1305003,23.48,82.158,16.4783427,95,19.9,0.316190476,2445,6,95.5
299,E09000021,3.163265306,1.573744176,-18509.48174,,Kingston upon Thames,0.009455412,8957.1,37.81350205,0.144251135,0.30555626,142,1.681555439,2.364687336,0,3.448275862,4.612546125,2.398523985,0.061500615,18.5548071,7.125278331,16.109,68.399,2.3986568,86.5,34.1,0.58445,6995,26,71.2
300,E09000022,3.243902439,0.53823512,-8081.677764,137.9,Lambeth,0.008967807,9194.657143,33.46524343,0.087641152,0.276202376,122,2.714134649,2.255904124,0,8.706379979,8.336491095,6.896551724,0,31.03448276,22.25513842,24.414,77.757,11.6427044,92.3,23.8,0.529714286,11190,7,101.4
301,E09000023,3.105882353,-0.883325198,-1751.090215,,Lewisham,0.011373782,8480.805556,35.48889411,0.098127238,0.300612386,123,3.051965906,0,2.474566951,8.739780096,7.879564382,0,9.288917361,35.31073446,16.08548931,21.259,91.468,12.3453742,87.2,25.9,0.510222222,13015,8,83.1
302,E09000024,3.206349206,1.014402735,-13026.59476,,Merton,0.012438608,8258.12,37.83567664,0.131923746,0.296047591,143,3.146584804,5.257099002,0,9.746738296,7.065750736,5.397448479,0,39.09001957,14.60420145,23.602,85.903,3.1364349,88.9,19.7,0.54672,8370,27,71.2
303,E09000025,3.084337349,-2.110267221,8998.846943,101.7,Newham,0.013888091,9601.783784,32.86146342,0.083173468,0.343174806,124,1.141602634,1.536772777,0,2.173435785,4.948105238,3.813661598,0,4.827419744,13.62450898,12.977,67.645,6.2715585,98,21.8,0.555675676,17800,28,83.1
304,E09000026,3.25974026,-0.048495927,421.92268,,Redbridge,0.017012111,9859.935484,36.19653284,0.131836814,0.327609725,144,2.022821577,0.07780083,1.867219917,3.831319105,6.261757592,5.509271701,0.107497984,13.09139785,12.19107763,16.755,84.392,7.3488556,94.2,16.2,0.624387097,16410,29,83.1
305,E09000027,3.4375,1.988524022,-16061.91586,155.3,Richmond upon Thames,0.008973835,8614.826087,41.25537579,0.161783297,0.288477092,145,2.806122449,1.573129252,1.403061224,1.765719208,5.828877005,5.614973262,1.604278075,15.197404,7.727339503,24.706,75.348,4.0659422,86.2,33.3,0.584347826,5750,30,93
306,E09000028,3.171717172,0.395928737,-6244.883924,121.4,Southwark,0.007774511,9697.484848,33.66958655,0.088406453,0.29735327,125,1.642451042,1.800379027,0,6.632975363,7.135173897,6.310505558,0,17.92757261,22.15716344,18.712,80.357,11.4829396,84.8,21.4,0.546818182,11365,9,101.4
307,E09000029,3.16,0.92255398,-14223.87984,135.4,Sutton,0.011006529,8654.458333,39.68152199,0.155135858,0.299827459,146,2.688573562,4.480955937,0,10.8995894,4.770017036,1.746166951,1.533219761,13.66782007,11.10504278,12.304,68.218,5.0738377,92.9,21.9,0.519875,10515,31,71.2
308,E09000030,3.13592233,-1.569304408,-6292.946064,121.8,Tower Hamlets,0.006309179,10374.03125,31.56558857,0.068543044,0.328513703,126,2.087170043,2.179251074,0,2.302025783,5.174096974,5.66221933,0,7.061503417,33.60692301,26.226,90.029,1.5901863,72.1,21.8,0.53909375,11430,10,101.4
309,E09000031,3.064935065,-0.738427944,-3264.472408,113,Waltham Forest,0.012856391,9890.714286,35.84078242,0.113602443,0.314122715,147,1.828206616,1.97330238,0,3.395240859,3.979591837,3.503401361,0,13.16326531,14.01177889,24.884,93.34,6.8936992,76.2,28.9,0.539678571,13365,32,83.1
310,E09000032,3.24137931,0.855884499,-12293.34738,188.9,Wandsworth,0.008485508,8911.756757,33.88261464,0.098508523,0.278210423,127,3.76984127,3.637566138,0,6.746031746,9.418282548,7.29455217,0.092336103,24.16820702,15.47062112,23.902,85.83,5.6552668,90.6,22.6,0.57872973,8240,11,95.5
311,E09000033,3.229508197,0.243842966,-21139.45025,256.6,Westminster,0.007397997,11243.66667,36.07248226,0.126506388,0.277913168,128,4.048582996,2.186234818,0,9.95951417,7.211120765,10.86012163,0,24.15291051,22.00483623,18.696,75.971,6.3918185,95,22,0.590833333,5265,12,95.5
312,E06000028,,-0.710289976,,,Bournemouth,,,,,,,,,,,,,,,,,,,,,,,,
313,E06000029,,-0.320965586,,,Poole,,,,,,,,,,,,,,,,,,,,,,,,
314,E07000048,,-0.515653554,,,Christchurch,,,,,,,,,,,,,,,,,,,,,,,,
315,E07000049,,-0.718454209,,,East Dorset,,,,,,,,,,,,,,,,,,,,,,,,
316,E07000050,,0.114727868,,,North Dorset,,,,,,,,,,,,,,,,,,,,,,,,
317,E07000051,,-0.115422954,,,Purbeck,,,,,,,,,,,,,,,,,,,,,,,,
318,E07000052,,-0.354609716,,,West Dorset,,,,,,,,,,,,,,,,,,,,,,,,
319,E07000053,,-0.518260347,,,Weymouth and Portland,,,,,,,,,,,,,,,,,,,,,,,,
320,E07000190,,-0.983167069,,,Taunton Deane,,,,,,,,,,,,,,,,,,,,,,,,
321,E07000191,,-0.074849942,,,West Somerset,,,,,,,,,,,,,,,,,,,,,,,,
322,E07000201,,-0.140835644,,,Forest Heath,,,,,,,,,,,,,,,,,,,,,,,,
323,E07000204,,0.374255002,,,St Edmundsbury,,,,,,,,,,,,,,,,,,,,,,,,
324,E07000205,,0.012462613,,,Suffolk Coastal,,,,,,,,,,,,,,,,,,,,,,,,
325,E07000206,,-0.156964609,,,Waveney,,,,,,,,,,,,,,,,,,,,,,,,
326,E06000058,,,,,,,8270.604167,43.46449985,0.224413695,0.280782893,,,,,,,,,,,,,,,,0.380791667,17000,,
327,E06000059,,,,,,,8080.659574,50.77147137,0.294623852,0.233875233,,,,,,,,,,,,,,,,0.390404255,18180,,
328,E06000060,,,,,,,8165.074627,42.580186,0.194079584,0.292948307,,,,,,,,,,,,,,,,0.538940299,27280,,
329,E06000061,,,,,,,8985.846154,41.81759659,0.191210022,0.29264683,,,,,,,,,,,,,,,,0.361794872,18050,,
330,E06000062,,,,,,,7821.788462,41.21735136,0.182927199,0.30038595,,,,,,,,,,,,,,,,0.403788462,20625,,
331,E07000244,,,,,,,8345.766667,49.23722749,0.282585986,0.247066818,,,,,,,,,,,,,,,,0.360566667,12390,,
332,E07000245,,,,,,,8442.952381,42.12881401,0.219061555,0.278088176,,,,,,,,,,,,,,,,0.358904762,7635,,
333,E07000246,,,,,,,8180.052632,48.04420914,0.268968419,0.249548199,,,,,,,,,,,,,,,,0.354,6915,,
334,E06000048,,,,,,,,,,,7,0.233333333,0,0.766666667,0.638226402,0,0,0.633713561,0.637755102,12.32465151,27.774,79.884,,86.2,,,,145,96.3
335,E08000020,,,,,,,,,,,2,0.874635569,0.485908649,0,1.344215074,,,,,15.93868123,,,,,,,,64,79.1
336,E10000002,,,,,,,,,,,86,2.332892124,2.63070814,0,2.051621443,5.020847811,4.308547603,0,9.507346586,5.823331054,10.146,67.578,,81.9,24,,,87,74.6
337,E10000003,,,,,,,,,,,74,0.904652499,1.550832855,0.014359563,1.019675427,0.759750127,2.144183691,0.067533345,5.473897618,9.320304574,15.553,76.496,,65.5,36.7,,,114,122.7
338,E10000006,,,,,,,,,,,18,0.241492865,0.614709111,0.06586169,0.153778559,0.732217573,1.987447699,0.062761506,0.188402763,9.875283773,25.049,82.014,,77,44.3,,,138,104.2
339,E10000007,,,,,,,,,,,51,0.474176599,0.346020761,0.704857106,2.721878225,0.368469535,0.526385051,0.500065798,7.059756742,12.78336887,19.294,83.257,,52.9,38,,,89,88.8
340,E10000008,,,,,,,,,,,105,0.442596567,1.019313305,0.040236052,0.67087079,0.231860338,1.309328969,0.027277687,6.602147687,9.600718263,27.37,82.005,,85.1,47.5,,,118,98.2
341,E10000011,,,,,,,,,,,87,1.789998155,2.86030633,0.018453589,1.199704688,1.790332206,4.833896956,0.05967774,4.776119403,12.67811581,26.112,86.891,,86.5,49.3,,,96,84.4
342,E10000012,,,,,,,,,,,76,1.802135407,1.808307104,0.006171697,1.425749907,2.113089415,1.910911107,0,6.671449067,9.90450087,20.063,82.624,,80.9,46.1,,,121,88
343,E10000013,,,,,,,,,,,106,1.471886959,2.929055049,0.279658522,1.062730627,1.659751037,3.622725822,0.446856049,3.187759005,9.375179299,17.192,78.118,,56.3,39.6,,,139,59.6
344,E10000014,,,,,,,,,,,88,1.55698982,1.922948965,0,1.510413201,0.737375242,1.519439893,0,6.42037837,8.415718108,18.633,80.072,,74,42.2,,,98,84.6
345,E10000015,,,,,,,,,,,77,2.660938258,2.841105952,0.297969649,1.529051988,3.70398773,5.168711656,0.13803681,3.271386884,7.352085254,14.873,77.816,,83.7,34.7,,,140,85.2
346,E10000016,,,,,,,,,,,90,2.18118869,2.544720138,0.017311021,0.704103422,3.515391065,3.683075817,0.005988741,2.689105827,11.04638368,20.96,80.911,,71.6,39.7,,,126,56.7
347,E10000017,,,,,,,,,,,21,1.628737171,2.439387178,0.200803213,1.311573143,2.094526201,3.706299151,0.163513198,3.470597411,13.47102822,17.546,79.536,,62.9,37.9,,,128,118.1
348,E10000018,,,,,,,,,,,53,1.021817178,0,2.526926263,1.402464938,0.53361793,0,2.241195304,4.475982533,7.564744466,19.855,85.546,,67.9,39.9,,,101,99.6
349,E10000019,,,,,,,,,,,54,0.732942431,0.999466951,0,1.319296375,1.176627891,2.647412756,0,4.171680706,12.50400316,20.8,82.587,,52.5,39.6,,,142,90.4
350,E10000020,,,,,,,,,,,79,0.837808808,2.255639098,0.085929108,1.266094421,0.255071056,1.530426333,0.085023685,1.833636916,12.71074481,22.73,84.998,,69.2,47.7,,,143,61.5
351,E10000021,,,,,,,,,,,55,1.46548831,2.338069135,0,1.286497371,2.917940877,4.204892966,0.0254842,4.002039256,9.179275796,19.609,87.673,,83.4,40.5,,,144,59.2
352,E10000023,,,,,,,,,,,44,0.285001781,0.961881012,0,1.3671875,1.041847543,2.170515715,0.017364126,5.053908356,8.129432945,20.47,77.201,,75.5,36.5,,,82,89.2
353,E10000024,,,,,,,,,,,57,1.126379815,1.847262897,0,2.162649245,0.501552424,2.006209697,0,6.794841175,11.38694144,21.289,84.518,,68.2,35.6,,,131,94.1
354,E10000025,,,,,,,,,,,93,0.675961132,1.042106746,0.056330094,1.070875018,1.548604722,3.250536645,0,2.897884085,7.958352772,17.44,82.732,,67.2,42,,,146,59.2
355,E10000027,,,,,,,,,,,109,0.962738456,1.123194865,0.320912819,1.985333572,0.553342187,1.859229748,1.040283311,8.387385372,11.67712722,20.704,82.857,,81,47.3,,,147,76.7
356,E10000028,,,,,,,,,,,66,0.840800974,1.72585463,0,2.030456853,1.420493725,1.834229761,0,8.882560347,9.517661553,21.818,89.335,,76.4,44.3,,,104,105
357,E10000029,,,,,,,,,,,82,0.842276865,1.589457954,0,1.616628176,0.870953694,2.206416026,0.043547685,2.294510601,10.82049374,24.678,84.851,,67.7,43.6,,,148,56.7
358,E10000030,,,,,,,,,,,98,2.409454823,2.943194815,0.007624857,2.249504346,2.736471623,4.58424989,0.316761989,6.23179451,7.206169917,18.3,81.106,,73.3,37.3,,,149,67.9
359,E10000031,,,,,,,,,,,70,1.372705507,3.192338388,0.063846768,1.452977806,3.339580849,3.373658204,0.954165957,3.741846893,9.240554141,19.15,79.403,,75.6,39.9,,,150,122.3
360,E10000032,,,,,,,,,,,100,2.110121991,1.351796901,0.032970656,1.077396658,1.728545344,1.618989653,0.109555691,2.022910066,7.398430797,25.123,84.189,,76.6,48,,,151,88.3
361,E10000034,,,,,,,,,,,72,1.028739386,2.008491182,0.391900718,2.459016393,0.841852075,2.375225496,0.300661455,9.680337756,10.39983921,24.766,87.146,,82.4,42.4,,,125,129.3
